drum_id,tree_id,ind_id,context,tree_all_id,species,n_buttresses,circumference,DBH_measure,DBH_calc,use,,,,,,,,,,,,,,,,,,,,,,,,,,,,,,,,,,,,,,,,,,,,,,,,
002DR,002TR,LAF,travel,P02_01,CMI,5,228,57,72.57465405,Y,,,,,,,,,,,,,,,,,,,,,,,,,,,,,,,,,,,,,,,,,,,,,,,,
002DR,002TR,LAF,travel,P02_02,CYA,5,74,20,23.55493158,N,,,,,,,,,,,,,,,,,,,,,,,,,,,,,,,,,,,,,,,,,,,,,,,,
002DR,002TR,LAF,travel,P02_03,CMI,2,107,31,34.05915782,N,,,,,,,,,,,,,,,,,,,,,,,,,,,,,,,,,,,,,,,,,,,,,,,,
002DR,002TR,LAF,travel,P02_04,MDI,4,148,40,47.10986316,N,,,,,,,,,,,,,,,,,,,,,,,,,,,,,,,,,,,,,,,,,,,,,,,,
002DR,002TR,LAF,travel,P02_05,RH,1,338,99,107.5887415,N,,,,,,,,,,,,,,,,,,,,,,,,,,,,,,,,,,,,,,,,,,,,,,,,
004DR,004TR,MAC,arrival at feeding tree,P04_01,CYA,12,,97,,Y,,,,,,,,,,,,,,,,,,,,,,,,,,,,,,,,,,,,,,,,,,,,,,,,
004DR,004TR,MAC,arrival at feeding tree,P04_02,CYA,3,123,35,39.152116,N,,,,,,,,,,,,,,,,,,,,,,,,,,,,,,,,,,,,,,,,,,,,,,,,
004DR,004TR,MAC,arrival at feeding tree,P04_03,CZE,3,75,25,23.87324146,N,,,,,,,,,,,,,,,,,,,,,,,,,,,,,,,,,,,,,,,,,,,,,,,,
005DR,005TR,MAC,travel,P05_01,CYA,7,153,61,48.70141259,Y,,,,,,,,,,,,,,,,,,,,,,,,,,,,,,,,,,,,,,,,,,,,,,,,
018DR,005TR,ILA,travel,P05_01,CYA,7,153,61,48.70141259,Y,,,,,,,,,,,,,,,,,,,,,,,,,,,,,,,,,,,,,,,,,,,,,,,,
005DR,005TR,MAC,travel,P05_02,CZE,4,62,21,19.73521294,N,,,,,,,,,,,,,,,,,,,,,,,,,,,,,,,,,,,,,,,,,,,,,,,,
018DR,005TR,ILA,travel,P05_02,CZE,4,62,21,19.73521294,N,,,,,,,,,,,,,,,,,,,,,,,,,,,,,,,,,,,,,,,,,,,,,,,,
006DR,006TR,MAC,travel,P06_01,CMI,7,156,44,49.65634224,Y,,,,,,,,,,,,,,,,,,,,,,,,,,,,,,,,,,,,,,,,,,,,,,,,
006DR,006TR,MAC,travel,P06_02,CYA,11,158,59,50.29296202,N,,,,,,,,,,,,,,,,,,,,,,,,,,,,,,,,,,,,,,,,,,,,,,,,
006DR,006TR,MAC,travel,P06_03,CDU,5,,72,,N,,,,,,,,,,,,,,,,,,,,,,,,,,,,,,,,,,,,,,,,,,,,,,,,
007DR,007TR,DAU,display,P07_01,FSU,11,153,46,48.70141259,Y,,,,,,,,,,,,,,,,,,,,,,,,,,,,,,,,,,,,,,,,,,,,,,,,
008DR,008TR,BEN,travel,P08_01,CYA,13,213,43,67.80000576,Y,,,,,,,,,,,,,,,,,,,,,,,,,,,,,,,,,,,,,,,,,,,,,,,,
008DR,008TR,BEN,travel,P08_02,CZE,9,133,36,42.33521486,N,,,,,,,,,,,,,,,,,,,,,,,,,,,,,,,,,,,,,,,,,,,,,,,,
008DR,008TR,BEN,travel,P08_03,HG,4,244,81,77.66761223,N,,,,,,,,,,,,,,,,,,,,,,,,,,,,,,,,,,,,,,,,,,,,,,,,
008DR,008TR,BEN,travel,P08_04,CMG,2,144,43,45.83662361,N,,,,,,,,,,,,,,,,,,,,,,,,,,,,,,,,,,,,,,,,,,,,,,,,
010DR,010TR,BEN,travel,P10_01,CYA,5,176,57,56.02253997,Y,,,,,,,,,,,,,,,,,,,,,,,,,,,,,,,,,,,,,,,,,,,,,,,,
010DR,010TR,BEN,travel,P10_02,CMI,2,88,25,28.01126998,N,,,,,,,,,,,,,,,,,,,,,,,,,,,,,,,,,,,,,,,,,,,,,,,,
010DR,010TR,BEN,travel,P10_03,CYA,7,162,42,51.56620156,N,,,,,,,,,,,,,,,,,,,,,,,,,,,,,,,,,,,,,,,,,,,,,,,,
010DR,010TR,BEN,travel,P10_04,CMI,2,92,26,29.28450953,N,,,,,,,,,,,,,,,,,,,,,,,,,,,,,,,,,,,,,,,,,,,,,,,,
010DR,010TR,BEN,travel,P10_05,CYA,9,255,80,81.16902098,N,,,,,,,,,,,,,,,,,,,,,,,,,,,,,,,,,,,,,,,,,,,,,,,,
010DR,010TR,BEN,travel,P10_06,CAL,6,73,19,23.23662169,N,,,,,,,,,,,,,,,,,,,,,,,,,,,,,,,,,,,,,,,,,,,,,,,,
011DR,011TR,DAU,display,P11_01,CYA,4,,80,,Y,,,,,,,,,,,,,,,,,,,,,,,,,,,,,,,,,,,,,,,,,,,,,,,,
011DR,011TR,DAU,display,P11_02,CYA,4,76,26,24.19155135,N,,,,,,,,,,,,,,,,,,,,,,,,,,,,,,,,,,,,,,,,,,,,,,,,
011DR,011TR,DAU,display,P11_03,CYA,14,287,94,91.35493733,N,,,,,,,,,,,,,,,,,,,,,,,,,,,,,,,,,,,,,,,,,,,,,,,,
011DR,011TR,DAU,display,P11_04,CMI,7,96,30,30.55774907,N,,,,,,,,,,,,,,,,,,,,,,,,,,,,,,,,,,,,,,,,,,,,,,,,
012DR,012TR,ILA,arrival at feeding tree,P12_01,CYA,11,116,34,36.9239468,Y,,,,,,,,,,,,,,,,,,,,,,,,,,,,,,,,,,,,,,,,,,,,,,,,
012DR,012TR,ILA,arrival at feeding tree,P12_02,CYA,13,226,71,71.93803428,N,,,,,,,,,,,,,,,,,,,,,,,,,,,,,,,,,,,,,,,,,,,,,,,,
012DR,012TR,ILA,arrival at feeding tree,P12_03,CMI,2,75,23,23.87324146,N,,,,,,,,,,,,,,,,,,,,,,,,,,,,,,,,,,,,,,,,,,,,,,,,
012DR,012TR,ILA,arrival at feeding tree,P12_04,CZE,5,164,52,52.20282133,N,,,,,,,,,,,,,,,,,,,,,,,,,,,,,,,,,,,,,,,,,,,,,,,,
012DR,012TR,ILA,arrival at feeding tree,P12_05,CZE,4,125,44,39.78873577,N,,,,,,,,,,,,,,,,,,,,,,,,,,,,,,,,,,,,,,,,,,,,,,,,
012DR,012TR,ILA,arrival at feeding tree,P12_06,CYA,14,,90,,N,,,,,,,,,,,,,,,,,,,,,,,,,,,,,,,,,,,,,,,,,,,,,,,,
012DR,012TR,ILA,arrival at feeding tree,P12_07,CZE,8,103,30,32.78591828,N,,,,,,,,,,,,,,,,,,,,,,,,,,,,,,,,,,,,,,,,,,,,,,,,
013DR,013TR,MUG,display,P13_01,CZE,7,177,55,56.34084985,Y,,,,,,,,,,,,,,,,,,,,,,,,,,,,,,,,,,,,,,,,,,,,,,,,
014DR,014TR,MUG,display,P14_01,CYA,6,220,64,70.02817496,Y,,,,,,,,,,,,,,,,,,,,,,,,,,,,,,,,,,,,,,,,,,,,,,,,
014DR,014TR,MUG,display,P14_02,AZ,10,213,71,67.80000576,N,,,,,,,,,,,,,,,,,,,,,,,,,,,,,,,,,,,,,,,,,,,,,,,,
014DR,014TR,MUG,display,P14_03,AB,3,162,64,51.56620156,N,,,,,,,,,,,,,,,,,,,,,,,,,,,,,,,,,,,,,,,,,,,,,,,,
014DR,014TR,MUG,display,P14_04,MB,3,176,45,56.02253997,N,,,,,,,,,,,,,,,,,,,,,,,,,,,,,,,,,,,,,,,,,,,,,,,,
014DR,014TR,MUG,display,P14_05,AB,3,195,47,62.07042781,N,,,,,,,,,,,,,,,,,,,,,,,,,,,,,,,,,,,,,,,,,,,,,,,,
014DR,014TR,MUG,display,P14_06,CYA,6,,76,,N,,,,,,,,,,,,,,,,,,,,,,,,,,,,,,,,,,,,,,,,,,,,,,,,
015DR,015TR,MUG,display,P15_01,CYA,6,266,77,84.67042972,Y,,,,,,,,,,,,,,,,,,,,,,,,,,,,,,,,,,,,,,,,,,,,,,,,
015DR,015TR,MUG,display,P15_02,AZ,15,213,72,67.80000576,N,,,,,,,,,,,,,,,,,,,,,,,,,,,,,,,,,,,,,,,,,,,,,,,,
015DR,015TR,MUG,display,P15_03,CYA,10,152,60,48.3831027,N,,,,,,,,,,,,,,,,,,,,,,,,,,,,,,,,,,,,,,,,,,,,,,,,
015DR,015TR,MUG,display,P15_04,CYA,7,329,87,104.7239526,N,,,,,,,,,,,,,,,,,,,,,,,,,,,,,,,,,,,,,,,,,,,,,,,,
016DR,016TR,ALF,resting,P16_01,CYA,10,,114,,Y,,,,,,,,,,,,,,,,,,,,,,,,,,,,,,,,,,,,,,,,,,,,,,,,
016DR,016TR,ALF,resting,P16_02,CYA,2,,40,,N,,,,,,,,,,,,,,,,,,,,,,,,,,,,,,,,,,,,,,,,,,,,,,,,
017DR,017TR,MUG,travel,P17_01,CYA,10,,115,,Y,,,,,,,,,,,,,,,,,,,,,,,,,,,,,,,,,,,,,,,,,,,,,,,,
017DR,017TR,MUG,travel,P17_02,CMI,5,150,56,47.74648293,N,,,,,,,,,,,,,,,,,,,,,,,,,,,,,,,,,,,,,,,,,,,,,,,,
017DR,017TR,MUG,travel,P17_03,CZE,4,72,22,22.91831181,N,,,,,,,,,,,,,,,,,,,,,,,,,,,,,,,,,,,,,,,,,,,,,,,,
017DR,017TR,MUG,travel,P17_04,CZE,3,77,24,24.50986124,N,,,,,,,,,,,,,,,,,,,,,,,,,,,,,,,,,,,,,,,,,,,,,,,,
019DR,019TR,FID,arrival at feeding tree,P19_01,FE,5,119,36,37.87887646,Y,,,,,,,,,,,,,,,,,,,,,,,,,,,,,,,,,,,,,,,,,,,,,,,,
019DR,019TR,FID,arrival at feeding tree,P19_02,HG,9,172,46,54.74930042,N,,,,,,,,,,,,,,,,,,,,,,,,,,,,,,,,,,,,,,,,,,,,,,,,
020DR,020TR,FID,arrival at feeding tree,P19_02,HG,9,172,46,54.74930042,N,,,,,,,,,,,,,,,,,,,,,,,,,,,,,,,,,,,,,,,,,,,,,,,,
021DR,021TR,FID,arrival at feeding tree,P19_02,HG,9,172,46,54.74930042,N,,,,,,,,,,,,,,,,,,,,,,,,,,,,,,,,,,,,,,,,,,,,,,,,
019DR,019TR,FID,arrival at feeding tree,P19_03,DD,1,105,30,33.42253805,N,,,,,,,,,,,,,,,,,,,,,,,,,,,,,,,,,,,,,,,,,,,,,,,,
020DR,020TR,FID,arrival at feeding tree,P19_03,DD,1,105,30,33.42253805,N,,,,,,,,,,,,,,,,,,,,,,,,,,,,,,,,,,,,,,,,,,,,,,,,
021DR,021TR,FID,arrival at feeding tree,P19_03,DD,1,105,30,33.42253805,N,,,,,,,,,,,,,,,,,,,,,,,,,,,,,,,,,,,,,,,,,,,,,,,,
019DR,019TR,FID,arrival at feeding tree,P19_04,CAL,11,136,33,43.29014452,N,,,,,,,,,,,,,,,,,,,,,,,,,,,,,,,,,,,,,,,,,,,,,,,,
020DR,020TR,FID,arrival at feeding tree,P19_04,CAL,11,136,33,43.29014452,N,,,,,,,,,,,,,,,,,,,,,,,,,,,,,,,,,,,,,,,,,,,,,,,,
021DR,021TR,FID,arrival at feeding tree,P19_04,CAL,11,136,33,43.29014452,N,,,,,,,,,,,,,,,,,,,,,,,,,,,,,,,,,,,,,,,,,,,,,,,,
019DR,019TR,FID,arrival at feeding tree,P19_05,CWI,4,58,18,18.4619734,N,,,,,,,,,,,,,,,,,,,,,,,,,,,,,,,,,,,,,,,,,,,,,,,,
019DR,019TR,FID,arrival at feeding tree,P19_06,CWI,7,146,36,46.47324338,N,,,,,,,,,,,,,,,,,,,,,,,,,,,,,,,,,,,,,,,,,,,,,,,,
019DR,019TR,FID,arrival at feeding tree,P19_07,HG,7,155,53,49.33803236,N,,,,,,,,,,,,,,,,,,,,,,,,,,,,,,,,,,,,,,,,,,,,,,,,
019DR,019TR,FID,arrival at feeding tree,P19_08,HG,1,150,35,47.74648293,N,,,,,,,,,,,,,,,,,,,,,,,,,,,,,,,,,,,,,,,,,,,,,,,,
020DR,020TR,FID,arrival at feeding tree,P19_08,HG,1,150,35,47.74648293,N,,,,,,,,,,,,,,,,,,,,,,,,,,,,,,,,,,,,,,,,,,,,,,,,
019DR,019TR,FID,arrival at feeding tree,P19_09,CZE,4,82,25,26.10141067,N,,,,,,,,,,,,,,,,,,,,,,,,,,,,,,,,,,,,,,,,,,,,,,,,
020DR,020TR,FID,arrival at feeding tree,P19_09,CZE,4,82,25,26.10141067,N,,,,,,,,,,,,,,,,,,,,,,,,,,,,,,,,,,,,,,,,,,,,,,,,
019DR,019TR,FID,arrival at feeding tree,P19_10,LM,2,78,22,24.82817112,N,,,,,,,,,,,,,,,,,,,,,,,,,,,,,,,,,,,,,,,,,,,,,,,,
020DR,020TR,FID,arrival at feeding tree,P19_10,LM,2,78,22,24.82817112,N,,,,,,,,,,,,,,,,,,,,,,,,,,,,,,,,,,,,,,,,,,,,,,,,
019DR,019TR,FID,arrival at feeding tree,P19_11,CMI,4,99,30,31.51267873,N,,,,,,,,,,,,,,,,,,,,,,,,,,,,,,,,,,,,,,,,,,,,,,,,
020DR,020TR,FID,arrival at feeding tree,P19_11,CMI,4,99,30,31.51267873,N,,,,,,,,,,,,,,,,,,,,,,,,,,,,,,,,,,,,,,,,,,,,,,,,
019DR,019TR,FID,arrival at feeding tree,P19_12,CMI,3,136,38,43.29014452,N,,,,,,,,,,,,,,,,,,,,,,,,,,,,,,,,,,,,,,,,,,,,,,,,
020DR,020TR,FID,arrival at feeding tree,P19_12,CMI,3,136,38,43.29014452,N,,,,,,,,,,,,,,,,,,,,,,,,,,,,,,,,,,,,,,,,,,,,,,,,
020DR,020TR,FID,arrival at feeding tree,P20_01,CAL,9,,59,,Y,,,,,,,,,,,,,,,,,,,,,,,,,,,,,,,,,,,,,,,,,,,,,,,,
021DR,021TR,FID,arrival at feeding tree,P20_01,CAL,9,,59,,N,,,,,,,,,,,,,,,,,,,,,,,,,,,,,,,,,,,,,,,,,,,,,,,,
020DR,020TR,FID,arrival at feeding tree,P20_05,CAL,10,114,35,36.28732702,N,,,,,,,,,,,,,,,,,,,,,,,,,,,,,,,,,,,,,,,,,,,,,,,,
021DR,021TR,FID,arrival at feeding tree,P20_05,CAL,10,114,35,36.28732702,Y,,,,,,,,,,,,,,,,,,,,,,,,,,,,,,,,,,,,,,,,,,,,,,,,
020DR,020TR,FID,arrival at feeding tree,P20_06,EBI,8,,105,,N,,,,,,,,,,,,,,,,,,,,,,,,,,,,,,,,,,,,,,,,,,,,,,,,
021DR,021TR,FID,arrival at feeding tree,P20_06,EBI,8,,105,,N,,,,,,,,,,,,,,,,,,,,,,,,,,,,,,,,,,,,,,,,,,,,,,,,
020DR,020TR,FID,arrival at feeding tree,P20_07,CMI,4,133,35,42.33521486,N,,,,,,,,,,,,,,,,,,,,,,,,,,,,,,,,,,,,,,,,,,,,,,,,
021DR,021TR,FID,arrival at feeding tree,P20_07,CMI,4,133,35,42.33521486,N,,,,,,,,,,,,,,,,,,,,,,,,,,,,,,,,,,,,,,,,,,,,,,,,
020DR,020TR,FID,arrival at feeding tree,P20_13,CYA,3,60,18,19.09859317,N,,,,,,,,,,,,,,,,,,,,,,,,,,,,,,,,,,,,,,,,,,,,,,,,
020DR,020TR,FID,arrival at feeding tree,P20_14,CMI,6,186,52,59.20563883,N,,,,,,,,,,,,,,,,,,,,,,,,,,,,,,,,,,,,,,,,,,,,,,,,
021DR,021TR,FID,arrival at feeding tree,P21_08,CMI,6,176,50,56.02253997,N,,,,,,,,,,,,,,,,,,,,,,,,,,,,,,,,,,,,,,,,,,,,,,,,
021DR,021TR,FID,arrival at feeding tree,P21_09,CYA,8,117,28,37.24225668,N,,,,,,,,,,,,,,,,,,,,,,,,,,,,,,,,,,,,,,,,,,,,,,,,
021DR,021TR,FID,arrival at feeding tree,P21_10,CYA,6,107,34,34.05915782,N,,,,,,,,,,,,,,,,,,,,,,,,,,,,,,,,,,,,,,,,,,,,,,,,
021DR,021TR,FID,arrival at feeding tree,P21_11,CYA,5,125,39,39.78873577,N,,,,,,,,,,,,,,,,,,,,,,,,,,,,,,,,,,,,,,,,,,,,,,,,
021DR,021TR,FID,arrival at feeding tree,P21_12,CMI,2,74,29,23.55493158,N,,,,,,,,,,,,,,,,,,,,,,,,,,,,,,,,,,,,,,,,,,,,,,,,
021DR,021TR,FID,arrival at feeding tree,P21_13,CMI,7,140,38,44.56338407,N,,,,,,,,,,,,,,,,,,,,,,,,,,,,,,,,,,,,,,,,,,,,,,,,
021DR,021TR,FID,arrival at feeding tree,P21_14,CYA,6,114,31,36.28732702,N,,,,,,,,,,,,,,,,,,,,,,,,,,,,,,,,,,,,,,,,,,,,,,,,
022DR,022TR,ARD,travel,P22_01,CAL,8,230,60,73.21127382,Y,,,,,,,,,,,,,,,,,,,,,,,,,,,,,,,,,,,,,,,,,,,,,,,,
022DR,022TR,ARD,travel,P22_02,CZE,3,52,14,16.55211408,N,,,,,,,,,,,,,,,,,,,,,,,,,,,,,,,,,,,,,,,,,,,,,,,,
022DR,022TR,ARD,travel,P22_03,CYA,4,46,13,14.64225476,N,,,,,,,,,,,,,,,,,,,,,,,,,,,,,,,,,,,,,,,,,,,,,,,,
022DR,022TR,ARD,travel,P22_04,CDU,1,101,25,32.1492985,N,,,,,,,,,,,,,,,,,,,,,,,,,,,,,,,,,,,,,,,,,,,,,,,,
023DR,023TR,FID,display,P23_01,CYA,8,,125,,Y,,,,,,,,,,,,,,,,,,,,,,,,,,,,,,,,,,,,,,,,,,,,,,,,
024DR,023TR,FID,display,P23_01,CYA,8,,125,,Y,,,,,,,,,,,,,,,,,,,,,,,,,,,,,,,,,,,,,,,,,,,,,,,,
025DR,023TR,FID,display,P23_01,CYA,8,,125,,Y,,,,,,,,,,,,,,,,,,,,,,,,,,,,,,,,,,,,,,,,,,,,,,,,
023DR,023TR,FID,display,P23_02,EBI,7,,90,,N,,,,,,,,,,,,,,,,,,,,,,,,,,,,,,,,,,,,,,,,,,,,,,,,
024DR,023TR,FID,display,P23_02,EBI,7,,90,,N,,,,,,,,,,,,,,,,,,,,,,,,,,,,,,,,,,,,,,,,,,,,,,,,
025DR,023TR,FID,display,P23_02,EBI,7,,90,,N,,,,,,,,,,,,,,,,,,,,,,,,,,,,,,,,,,,,,,,,,,,,,,,,
023DR,023TR,FID,display,P23_03,RH,5,206,72,65.57183655,N,,,,,,,,,,,,,,,,,,,,,,,,,,,,,,,,,,,,,,,,,,,,,,,,
024DR,023TR,FID,display,P23_03,RH,5,206,72,65.57183655,N,,,,,,,,,,,,,,,,,,,,,,,,,,,,,,,,,,,,,,,,,,,,,,,,
025DR,023TR,FID,display,P23_03,RH,5,206,72,65.57183655,N,,,,,,,,,,,,,,,,,,,,,,,,,,,,,,,,,,,,,,,,,,,,,,,,
023DR,023TR,FID,display,P23_04,RH,4,243,60,77.34930234,N,,,,,,,,,,,,,,,,,,,,,,,,,,,,,,,,,,,,,,,,,,,,,,,,
024DR,023TR,FID,display,P23_04,RH,4,243,60,77.34930234,N,,,,,,,,,,,,,,,,,,,,,,,,,,,,,,,,,,,,,,,,,,,,,,,,
025DR,023TR,FID,display,P23_04,RH,4,193,60,61.43380803,N,,,,,,,,,,,,,,,,,,,,,,,,,,,,,,,,,,,,,,,,,,,,,,,,
023DR,023TR,FID,display,P23_05,FSS,15,,50,,N,,,,,,,,,,,,,,,,,,,,,,,,,,,,,,,,,,,,,,,,,,,,,,,,
024DR,023TR,FID,display,P23_05,FSS,15,,50,,N,,,,,,,,,,,,,,,,,,,,,,,,,,,,,,,,,,,,,,,,,,,,,,,,
026DR,024TR,ALF,display,P24_01,CMI,7,,61,,Y,,,,,,,,,,,,,,,,,,,,,,,,,,,,,,,,,,,,,,,,,,,,,,,,
027DR,024TR,DAU,display,P24_01,CMI,7,,61,,Y,,,,,,,,,,,,,,,,,,,,,,,,,,,,,,,,,,,,,,,,,,,,,,,,
028DR,024TR,MAC,display,P24_01,CMI,7,,61,,Y,,,,,,,,,,,,,,,,,,,,,,,,,,,,,,,,,,,,,,,,,,,,,,,,
029DR,024TR,ALF,display,P24_01,CMI,7,,61,,Y,,,,,,,,,,,,,,,,,,,,,,,,,,,,,,,,,,,,,,,,,,,,,,,,
026DR,024TR,ALF,display,P24_02,CYA,6,208,57,66.20845633,N,,,,,,,,,,,,,,,,,,,,,,,,,,,,,,,,,,,,,,,,,,,,,,,,
027DR,024TR,DAU,display,P24_02,CYA,6,208,57,66.20845633,N,,,,,,,,,,,,,,,,,,,,,,,,,,,,,,,,,,,,,,,,,,,,,,,,
028DR,024TR,MAC,display,P24_02,CYA,6,208,57,66.20845633,N,,,,,,,,,,,,,,,,,,,,,,,,,,,,,,,,,,,,,,,,,,,,,,,,
029DR,024TR,ALF,display,P24_02,CYA,6,208,57,66.20845633,N,,,,,,,,,,,,,,,,,,,,,,,,,,,,,,,,,,,,,,,,,,,,,,,,
026DR,024TR,ALF,display,P24_03,UNK,2,86,28,27.37465021,N,,,,,,,,,,,,,,,,,,,,,,,,,,,,,,,,,,,,,,,,,,,,,,,,
027DR,024TR,DAU,display,P24_03,UNK,2,86,28,27.37465021,N,,,,,,,,,,,,,,,,,,,,,,,,,,,,,,,,,,,,,,,,,,,,,,,,
028DR,024TR,MAC,display,P24_03,UNK,2,86,28,27.37465021,N,,,,,,,,,,,,,,,,,,,,,,,,,,,,,,,,,,,,,,,,,,,,,,,,
029DR,024TR,ALF,display,P24_03,UNK,2,86,28,27.37465021,N,,,,,,,,,,,,,,,,,,,,,,,,,,,,,,,,,,,,,,,,,,,,,,,,
030DR,025TR,ILA,resting,P25_01,CYA,11,,94,,Y,,,,,,,,,,,,,,,,,,,,,,,,,,,,,,,,,,,,,,,,,,,,,,,,
031DR,025TR,ILA,display,P25_01,CYA,11,,94,,Y,,,,,,,,,,,,,,,,,,,,,,,,,,,,,,,,,,,,,,,,,,,,,,,,
032DR,025TR,SAM,display,P25_01,CYA,11,,94,,Y,,,,,,,,,,,,,,,,,,,,,,,,,,,,,,,,,,,,,,,,,,,,,,,,
030DR,025TR,ILA,resting,P25_02,ME,3,194,52,61.75211792,N,,,,,,,,,,,,,,,,,,,,,,,,,,,,,,,,,,,,,,,,,,,,,,,,
031DR,025TR,ILA,display,P25_02,ME,3,194,52,61.75211792,N,,,,,,,,,,,,,,,,,,,,,,,,,,,,,,,,,,,,,,,,,,,,,,,,
032DR,025TR,SAM,display,P25_02,ME,3,194,52,61.75211792,N,,,,,,,,,,,,,,,,,,,,,,,,,,,,,,,,,,,,,,,,,,,,,,,,
033DR,026TR,ILA,eating,P26_01,CYA,11,313,94,99.63099438,Y,,,,,,,,,,,,,,,,,,,,,,,,,,,,,,,,,,,,,,,,,,,,,,,,
033DR,026TR,ILA,eating,P26_02,CMI,5,,100,,N,,,,,,,,,,,,,,,,,,,,,,,,,,,,,,,,,,,,,,,,,,,,,,,,
034DR,027TR,SAM,resting,P27_01,CYA,8,197,61,62.70704758,Y,,,,,,,,,,,,,,,,,,,,,,,,,,,,,,,,,,,,,,,,,,,,,,,,
034DR,027TR,SAM,resting,P27_02,HG,12,,104,,N,,,,,,,,,,,,,,,,,,,,,,,,,,,,,,,,,,,,,,,,,,,,,,,,
036DR,028TR,ILA,travel,P28_01,CAL,8,204,50,64.93521678,Y,,,,,,,,,,,,,,,,,,,,,,,,,,,,,,,,,,,,,,,,,,,,,,,,
037DR,028TR,FID,travel,P28_01,CAL,8,204,50,64.93521678,Y,,,,,,,,,,,,,,,,,,,,,,,,,,,,,,,,,,,,,,,,,,,,,,,,
036DR,028TR,ILA,travel,P28_02,FUE,4,83,23,26.41972055,N,,,,,,,,,,,,,,,,,,,,,,,,,,,,,,,,,,,,,,,,,,,,,,,,
037DR,028TR,FID,travel,P28_02,FUE,4,83,23,26.41972055,N,,,,,,,,,,,,,,,,,,,,,,,,,,,,,,,,,,,,,,,,,,,,,,,,
038DR,029TR,ALF,resting,P29_01,CAL,9,179,65,56.97746963,Y,,,,,,,,,,,,,,,,,,,,,,,,,,,,,,,,,,,,,,,,,,,,,,,,
039DR,029TR,MAS,resting,P29_01,CAL,9,179,65,56.97746963,Y,,,,,,,,,,,,,,,,,,,,,,,,,,,,,,,,,,,,,,,,,,,,,,,,
040DR,029TR,FID,resting,P29_01,CAL,9,179,65,56.97746963,Y,,,,,,,,,,,,,,,,,,,,,,,,,,,,,,,,,,,,,,,,,,,,,,,,
038DR,029TR,ALF,resting,P29_02,CPR,3,260,79,82.76057041,N,,,,,,,,,,,,,,,,,,,,,,,,,,,,,,,,,,,,,,,,,,,,,,,,
039DR,029TR,MAS,resting,P29_02,CPR,3,260,79,82.76057041,N,,,,,,,,,,,,,,,,,,,,,,,,,,,,,,,,,,,,,,,,,,,,,,,,
040DR,029TR,FID,resting,P29_02,CPR,3,260,79,82.76057041,N,,,,,,,,,,,,,,,,,,,,,,,,,,,,,,,,,,,,,,,,,,,,,,,,
038DR,029TR,ALF,resting,P29_03,KIA,2,101,25,32.1492985,N,,,,,,,,,,,,,,,,,,,,,,,,,,,,,,,,,,,,,,,,,,,,,,,,
039DR,029TR,MAS,resting,P29_03,KIA,2,101,25,32.1492985,N,,,,,,,,,,,,,,,,,,,,,,,,,,,,,,,,,,,,,,,,,,,,,,,,
040DR,029TR,FID,resting,P29_03,KIA,2,101,25,32.1492985,N,,,,,,,,,,,,,,,,,,,,,,,,,,,,,,,,,,,,,,,,,,,,,,,,
038DR,029TR,ALF,resting,P29_04,AGU,5,308,98,98.03944494,N,,,,,,,,,,,,,,,,,,,,,,,,,,,,,,,,,,,,,,,,,,,,,,,,
039DR,029TR,MAS,resting,P29_04,AGU,5,308,98,98.03944494,N,,,,,,,,,,,,,,,,,,,,,,,,,,,,,,,,,,,,,,,,,,,,,,,,
040DR,029TR,FID,resting,P29_04,AGU,5,308,98,98.03944494,N,,,,,,,,,,,,,,,,,,,,,,,,,,,,,,,,,,,,,,,,,,,,,,,,
038DR,029TR,ALF,resting,P29_05,HG,9,,95,,N,,,,,,,,,,,,,,,,,,,,,,,,,,,,,,,,,,,,,,,,,,,,,,,,
039DR,029TR,MAS,resting,P29_05,HG,9,,95,,N,,,,,,,,,,,,,,,,,,,,,,,,,,,,,,,,,,,,,,,,,,,,,,,,
040DR,029TR,FID,resting,P29_05,HG,9,,95,,N,,,,,,,,,,,,,,,,,,,,,,,,,,,,,,,,,,,,,,,,,,,,,,,,
038DR,029TR,ALF,resting,P29_06,CZE,6,127,37,40.42535555,N,,,,,,,,,,,,,,,,,,,,,,,,,,,,,,,,,,,,,,,,,,,,,,,,
039DR,029TR,MAS,resting,P29_06,CZE,6,127,37,40.42535555,N,,,,,,,,,,,,,,,,,,,,,,,,,,,,,,,,,,,,,,,,,,,,,,,,
040DR,029TR,FID,resting,P29_06,CZE,6,127,37,40.42535555,N,,,,,,,,,,,,,,,,,,,,,,,,,,,,,,,,,,,,,,,,,,,,,,,,
003DR,003TR,ALF,arrival at feeding tree,P3_01,CYA,4,175,54,55.70423008,Y,,,,,,,,,,,,,,,,,,,,,,,,,,,,,,,,,,,,,,,,,,,,,,,,
003DR,003TR,ALF,arrival at feeding tree,P3_02,CMG,2,140,36,44.56338407,N,,,,,,,,,,,,,,,,,,,,,,,,,,,,,,,,,,,,,,,,,,,,,,,,
003DR,003TR,ALF,arrival at feeding tree,P3_03,CYA,5,206,52,65.57183655,N,,,,,,,,,,,,,,,,,,,,,,,,,,,,,,,,,,,,,,,,,,,,,,,,
003DR,003TR,ALF,arrival at feeding tree,P3_04,ME,2,161,40,51.24789168,N,,,,,,,,,,,,,,,,,,,,,,,,,,,,,,,,,,,,,,,,,,,,,,,,
003DR,003TR,ALF,arrival at feeding tree,P3_05,CZE,4,94,26,29.9211293,N,,,,,,,,,,,,,,,,,,,,,,,,,,,,,,,,,,,,,,,,,,,,,,,,
003DR,003TR,ALF,arrival at feeding tree,P3_06,CDU,3,145,44,46.1549335,N,,,,,,,,,,,,,,,,,,,,,,,,,,,,,,,,,,,,,,,,,,,,,,,,
003DR,003TR,ALF,arrival at feeding tree,P3_07,FAA,1,108,25,34.37746771,N,,,,,,,,,,,,,,,,,,,,,,,,,,,,,,,,,,,,,,,,,,,,,,,,
003DR,003TR,ALF,arrival at feeding tree,P3_08,CDU,4,122,34,38.83380611,N,,,,,,,,,,,,,,,,,,,,,,,,,,,,,,,,,,,,,,,,,,,,,,,,
003DR,003TR,ALF,arrival at feeding tree,P3_09,CZE,1,39,11,12.41408556,N,,,,,,,,,,,,,,,,,,,,,,,,,,,,,,,,,,,,,,,,,,,,,,,,
041DR,030TR,MAC,display,P30_01,CAL,14,,54,,Y,,,,,,,,,,,,,,,,,,,,,,,,,,,,,,,,,,,,,,,,,,,,,,,,
041DR,030TR,MAC,display,P30_02,CMI,5,273,62,86.89859893,N,,,,,,,,,,,,,,,,,,,,,,,,,,,,,,,,,,,,,,,,,,,,,,,,
041DR,030TR,MAC,display,P30_03,CMI,3,160,36,50.92958179,N,,,,,,,,,,,,,,,,,,,,,,,,,,,,,,,,,,,,,,,,,,,,,,,,
041DR,030TR,MAC,display,P30_04,TAF,2,131,30,41.69859509,N,,,,,,,,,,,,,,,,,,,,,,,,,,,,,,,,,,,,,,,,,,,,,,,,
041DR,030TR,MAC,display,P30_05,TAF,1,68,18,21.64507226,N,,,,,,,,,,,,,,,,,,,,,,,,,,,,,,,,,,,,,,,,,,,,,,,,
041DR,030TR,MAC,display,P30_06,FSU,4,207,51,65.89014644,N,,,,,,,,,,,,,,,,,,,,,,,,,,,,,,,,,,,,,,,,,,,,,,,,
043DR,032TR,LAF,resting,P32_01,CAL,9,,56,,Y,,,,,,,,,,,,,,,,,,,,,,,,,,,,,,,,,,,,,,,,,,,,,,,,
043DR,032TR,LAF,resting,P32_02,CDU,5,,65,,N,,,,,,,,,,,,,,,,,,,,,,,,,,,,,,,,,,,,,,,,,,,,,,,,
043DR,032TR,LAF,resting,P32_03,CMI,3,132,36,42.01690498,N,,,,,,,,,,,,,,,,,,,,,,,,,,,,,,,,,,,,,,,,,,,,,,,,
045DR,034TR,FID,display,P34_01,CZE,4,67,17,21.32676237,Y,,,,,,,,,,,,,,,,,,,,,,,,,,,,,,,,,,,,,,,,,,,,,,,,
045DR,034TR,FID,display,P34_02,CDU,1,55,15,17.50704374,N,,,,,,,,,,,,,,,,,,,,,,,,,,,,,,,,,,,,,,,,,,,,,,,,
045DR,034TR,FID,display,P34_03,CDU,6,122,27,38.83380611,N,,,,,,,,,,,,,,,,,,,,,,,,,,,,,,,,,,,,,,,,,,,,,,,,
045DR,034TR,FID,display,P34_04,CDU,3,135,31,42.97183463,N,,,,,,,,,,,,,,,,,,,,,,,,,,,,,,,,,,,,,,,,,,,,,,,,
046DR,035TR,MAC,display,P35_01,CMI,10,,108,,Y,,,,,,,,,,,,,,,,,,,,,,,,,,,,,,,,,,,,,,,,,,,,,,,,
046DR,035TR,MAC,display,P35_02,CYA,11,,66,,N,,,,,,,,,,,,,,,,,,,,,,,,,,,,,,,,,,,,,,,,,,,,,,,,
046DR,035TR,MAC,display,P35_03,CMI,7,181,43,57.6140894,N,,,,,,,,,,,,,,,,,,,,,,,,,,,,,,,,,,,,,,,,,,,,,,,,
046DR,035TR,MAC,display,P35_04,COM,7,157,34,49.97465213,N,,,,,,,,,,,,,,,,,,,,,,,,,,,,,,,,,,,,,,,,,,,,,,,,
046DR,035TR,MAC,display,P35_05,CYA,4,151,33,48.06479281,N,,,,,,,,,,,,,,,,,,,,,,,,,,,,,,,,,,,,,,,,,,,,,,,,
047DR,036TR,LAN,resting,P36_01,CZE,5,110,29,35.01408748,Y,,,,,,,,,,,,,,,,,,,,,,,,,,,,,,,,,,,,,,,,,,,,,,,,
047DR,036TR,LAN,resting,P36_02,TRD,10,,67,,N,,,,,,,,,,,,,,,,,,,,,,,,,,,,,,,,,,,,,,,,,,,,,,,,
047DR,036TR,LAN,resting,P36_03,CYA,8,237,71,75.43944303,N,,,,,,,,,,,,,,,,,,,,,,,,,,,,,,,,,,,,,,,,,,,,,,,,
048DR,037TR,LAN,travel,P37_01,CMU,8,,80,,Y,,,,,,,,,,,,,,,,,,,,,,,,,,,,,,,,,,,,,,,,,,,,,,,,
048DR,037TR,LAN,travel,P37_02,CDU,7,,55,,N,,,,,,,,,,,,,,,,,,,,,,,,,,,,,,,,,,,,,,,,,,,,,,,,
048DR,037TR,LAN,travel,P37_03,CZE,2,79,21,25.14648101,N,,,,,,,,,,,,,,,,,,,,,,,,,,,,,,,,,,,,,,,,,,,,,,,,
048DR,037TR,LAN,travel,P37_04,CYA,2,56,15,17.82535363,N,,,,,,,,,,,,,,,,,,,,,,,,,,,,,,,,,,,,,,,,,,,,,,,,
048DR,037TR,LAN,travel,P37_05,ME,2,198,41,63.02535746,N,,,,,,,,,,,,,,,,,,,,,,,,,,,,,,,,,,,,,,,,,,,,,,,,
048DR,037TR,LAN,travel,P37_06,AB,4,366,71,116.5014183,N,,,,,,,,,,,,,,,,,,,,,,,,,,,,,,,,,,,,,,,,,,,,,,,,
048DR,037TR,LAN,travel,P37_07,CYA,5,144,34,45.83662361,N,,,,,,,,,,,,,,,,,,,,,,,,,,,,,,,,,,,,,,,,,,,,,,,,
049DR,038TR,LAN,display,P38_01,CYA,6,133,30,42.33521486,N,,,,,,,,,,,,,,,,,,,,,,,,,,,,,,,,,,,,,,,,,,,,,,,,
049DR,038TR,LAN,display,P38_02,CMU,7,,83,,Y,,,,,,,,,,,,,,,,,,,,,,,,,,,,,,,,,,,,,,,,,,,,,,,,
049DR,038TR,LAN,display,P38_03,CRB,3,142,34,45.20000384,N,,,,,,,,,,,,,,,,,,,,,,,,,,,,,,,,,,,,,,,,,,,,,,,,
050DR,039TR,LAN,travel,P39_01,CYA,14,150,30,47.74648293,Y,,,,,,,,,,,,,,,,,,,,,,,,,,,,,,,,,,,,,,,,,,,,,,,,
051DR,039TR,DAU,travel,P39_01,CYA,14,150,30,47.74648293,Y,,,,,,,,,,,,,,,,,,,,,,,,,,,,,,,,,,,,,,,,,,,,,,,,
050DR,039TR,LAN,travel,P39_02,CYA,6,141,43,44.88169395,N,,,,,,,,,,,,,,,,,,,,,,,,,,,,,,,,,,,,,,,,,,,,,,,,
051DR,039TR,DAU,travel,P39_02,CYA,6,141,43,44.88169395,N,,,,,,,,,,,,,,,,,,,,,,,,,,,,,,,,,,,,,,,,,,,,,,,,
050DR,039TR,LAN,travel,P39_03,KA,4,221,53,70.34648485,N,,,,,,,,,,,,,,,,,,,,,,,,,,,,,,,,,,,,,,,,,,,,,,,,
051DR,039TR,DAU,travel,P39_03,KA,4,221,53,70.34648485,N,,,,,,,,,,,,,,,,,,,,,,,,,,,,,,,,,,,,,,,,,,,,,,,,
050DR,039TR,LAN,travel,P39_04,CMU,8,,70,,N,,,,,,,,,,,,,,,,,,,,,,,,,,,,,,,,,,,,,,,,,,,,,,,,
051DR,039TR,DAU,travel,P39_04,CMU,8,,70,,N,,,,,,,,,,,,,,,,,,,,,,,,,,,,,,,,,,,,,,,,,,,,,,,,
050DR,039TR,LAN,travel,P39_05,CMI,5,,72,,N,,,,,,,,,,,,,,,,,,,,,,,,,,,,,,,,,,,,,,,,,,,,,,,,
051DR,039TR,DAU,travel,P39_05,CMI,5,,72,,N,,,,,,,,,,,,,,,,,,,,,,,,,,,,,,,,,,,,,,,,,,,,,,,,
050DR,039TR,LAN,travel,P39_06,CMI,3,134,33,42.65352475,N,,,,,,,,,,,,,,,,,,,,,,,,,,,,,,,,,,,,,,,,,,,,,,,,
051DR,039TR,DAU,travel,P39_06,CMI,3,134,33,42.65352475,N,,,,,,,,,,,,,,,,,,,,,,,,,,,,,,,,,,,,,,,,,,,,,,,,
050DR,039TR,LAN,travel,P39_07,CYA,5,144,39,45.83662361,N,,,,,,,,,,,,,,,,,,,,,,,,,,,,,,,,,,,,,,,,,,,,,,,,
051DR,039TR,DAU,travel,P39_07,CYA,5,144,39,45.83662361,N,,,,,,,,,,,,,,,,,,,,,,,,,,,,,,,,,,,,,,,,,,,,,,,,
052DR,040TR,ALF,travel,P40_01,AB,4,,80,,N,,,,,,,,,,,,,,,,,,,,,,,,,,,,,,,,,,,,,,,,,,,,,,,,
052DR,040TR,ALF,travel,P40_02,CAL,8,,56,,N,,,,,,,,,,,,,,,,,,,,,,,,,,,,,,,,,,,,,,,,,,,,,,,,
052DR,040TR,ALF,travel,P40_03,CZE,4,56,16,17.82535363,N,,,,,,,,,,,,,,,,,,,,,,,,,,,,,,,,,,,,,,,,,,,,,,,,
052DR,040TR,ALF,travel,P40_04,CMU,5,,77,,Y,,,,,,,,,,,,,,,,,,,,,,,,,,,,,,,,,,,,,,,,,,,,,,,,
053DR,041TR,MUG,display,P41_01,CYA,17,,104,,Y,,,,,,,,,,,,,,,,,,,,,,,,,,,,,,,,,,,,,,,,,,,,,,,,
053DR,041TR,MUG,display,P41_02,CAL,4,170,48,54.11268065,N,,,,,,,,,,,,,,,,,,,,,,,,,,,,,,,,,,,,,,,,,,,,,,,,
053DR,041TR,MUG,display,P41_03,CMI,7,128,34,40.74366543,N,,,,,,,,,,,,,,,,,,,,,,,,,,,,,,,,,,,,,,,,,,,,,,,,
053DR,041TR,MUG,display,P41_04,CMI,3,179,40,56.97746963,N,,,,,,,,,,,,,,,,,,,,,,,,,,,,,,,,,,,,,,,,,,,,,,,,
054DR,042TR,DAU,travel,P42_01,CAL,7,,47,,Y,,,,,,,,,,,,,,,,,,,,,,,,,,,,,,,,,,,,,,,,,,,,,,,,
054DR,042TR,DAU,travel,P42_02,CP/CLP,4,148,32,47.10986316,N,,,,,,,,,,,,,,,,,,,,,,,,,,,,,,,,,,,,,,,,,,,,,,,,
054DR,042TR,DAU,travel,P42_03,CMI,4,174,38,55.3859202,N,,,,,,,,,,,,,,,,,,,,,,,,,,,,,,,,,,,,,,,,,,,,,,,,
054DR,042TR,DAU,travel,P42_04,CDU,5,104,26,33.10422816,N,,,,,,,,,,,,,,,,,,,,,,,,,,,,,,,,,,,,,,,,,,,,,,,,
054DR,042TR,DAU,travel,P42_05,CMI,3,114,29,36.28732702,N,,,,,,,,,,,,,,,,,,,,,,,,,,,,,,,,,,,,,,,,,,,,,,,,
054DR,042TR,DAU,travel,P42_06,CDU,5,120,26,38.19718634,N,,,,,,,,,,,,,,,,,,,,,,,,,,,,,,,,,,,,,,,,,,,,,,,,
054DR,042TR,DAU,travel,P42_07,CP/CLP,5,,39,,N,,,,,,,,,,,,,,,,,,,,,,,,,,,,,,,,,,,,,,,,,,,,,,,,
054DR,042TR,DAU,travel,P42_08,CDU,7,189,49,60.16056849,N,,,,,,,,,,,,,,,,,,,,,,,,,,,,,,,,,,,,,,,,,,,,,,,,
055DR,043TR,DAU,travel,P43_01,CAL,9,,78,,Y,,,,,,,,,,,,,,,,,,,,,,,,,,,,,,,,,,,,,,,,,,,,,,,,
056DR,043TR,FID,travel,P43_01,CAL,9,,78,,Y,,,,,,,,,,,,,,,,,,,,,,,,,,,,,,,,,,,,,,,,,,,,,,,,
055DR,043TR,DAU,travel,P43_02,CDU,4,136,29,43.29014452,N,,,,,,,,,,,,,,,,,,,,,,,,,,,,,,,,,,,,,,,,,,,,,,,,
056DR,043TR,FID,travel,P43_02,CDU,4,136,29,43.29014452,N,,,,,,,,,,,,,,,,,,,,,,,,,,,,,,,,,,,,,,,,,,,,,,,,
055DR,043TR,DAU,travel,P43_03,CDU,1,153,35,48.70141259,N,,,,,,,,,,,,,,,,,,,,,,,,,,,,,,,,,,,,,,,,,,,,,,,,
056DR,043TR,FID,travel,P43_03,CDU,1,153,35,48.70141259,N,,,,,,,,,,,,,,,,,,,,,,,,,,,,,,,,,,,,,,,,,,,,,,,,
055DR,043TR,DAU,travel,P43_04,CYA,1,87,23,27.6929601,N,,,,,,,,,,,,,,,,,,,,,,,,,,,,,,,,,,,,,,,,,,,,,,,,
056DR,043TR,FID,travel,P43_04,CYA,1,87,23,27.6929601,N,,,,,,,,,,,,,,,,,,,,,,,,,,,,,,,,,,,,,,,,,,,,,,,,
055DR,043TR,DAU,travel,P43_05,KA,3,304,80,96.7662054,N,,,,,,,,,,,,,,,,,,,,,,,,,,,,,,,,,,,,,,,,,,,,,,,,
056DR,043TR,FID,travel,P43_05,KA,3,304,80,96.7662054,N,,,,,,,,,,,,,,,,,,,,,,,,,,,,,,,,,,,,,,,,,,,,,,,,
057DR,044TR,DAU,travel,P44_01,CYA,7,274,60,87.21690881,Y,,,,,,,,,,,,,,,,,,,,,,,,,,,,,,,,,,,,,,,,,,,,,,,,
057DR,044TR,DAU,travel,P44_02,CYA,8,313,90,99.63099438,N,,,,,,,,,,,,,,,,,,,,,,,,,,,,,,,,,,,,,,,,,,,,,,,,
058DR,045TR,DAU,display,P45_01,BSA,7,237,43,75.43944303,Y,,,,,,,,,,,,,,,,,,,,,,,,,,,,,,,,,,,,,,,,,,,,,,,,
058DR,045TR,DAU,display,P45_02,CZE,3,69,16,21.96338215,N,,,,,,,,,,,,,,,,,,,,,,,,,,,,,,,,,,,,,,,,,,,,,,,,
058DR,045TR,DAU,display,P45_03,CMI,5,162,38,51.56620156,N,,,,,,,,,,,,,,,,,,,,,,,,,,,,,,,,,,,,,,,,,,,,,,,,
059DR,046TR,DAU,display,P46_01,FSU,5,,84,,Y,,,,,,,,,,,,,,,,,,,,,,,,,,,,,,,,,,,,,,,,,,,,,,,,
060DR,047TR,DAU,display,P46_01,FSU,5,,84,,N,,,,,,,,,,,,,,,,,,,,,,,,,,,,,,,,,,,,,,,,,,,,,,,,
059DR,046TR,DAU,display,P46_02,CMU,5,,63,,N,,,,,,,,,,,,,,,,,,,,,,,,,,,,,,,,,,,,,,,,,,,,,,,,
060DR,047TR,DAU,display,P46_02,CMU,5,,63,,Y,,,,,,,,,,,,,,,,,,,,,,,,,,,,,,,,,,,,,,,,,,,,,,,,
059DR,046TR,DAU,display,P46_03,CDU,3,86,24,27.37465021,N,,,,,,,,,,,,,,,,,,,,,,,,,,,,,,,,,,,,,,,,,,,,,,,,
060DR,047TR,DAU,display,P46_03,CDU,3,86,24,27.37465021,N,,,,,,,,,,,,,,,,,,,,,,,,,,,,,,,,,,,,,,,,,,,,,,,,
059DR,046TR,DAU,display,P46_04,CMI,4,90,25,28.64788976,N,,,,,,,,,,,,,,,,,,,,,,,,,,,,,,,,,,,,,,,,,,,,,,,,
060DR,047TR,DAU,display,P46_04,CMI,4,90,25,28.64788976,N,,,,,,,,,,,,,,,,,,,,,,,,,,,,,,,,,,,,,,,,,,,,,,,,
059DR,046TR,DAU,display,P46_05,CDU,6,141,40,44.88169395,N,,,,,,,,,,,,,,,,,,,,,,,,,,,,,,,,,,,,,,,,,,,,,,,,
059DR,046TR,DAU,display,P46_06,CAL,2,79,22,25.14648101,N,,,,,,,,,,,,,,,,,,,,,,,,,,,,,,,,,,,,,,,,,,,,,,,,
060DR,047TR,DAU,display,P47_05,CDU,5,180,48,57.29577951,N,,,,,,,,,,,,,,,,,,,,,,,,,,,,,,,,,,,,,,,,,,,,,,,,
060DR,047TR,DAU,display,P47_06,CYA,8,129,23,41.06197532,N,,,,,,,,,,,,,,,,,,,,,,,,,,,,,,,,,,,,,,,,,,,,,,,,
061DR,048TR,DAU,travel,P48_01,CMI,6,230,58,73.21127382,Y,,,,,,,,,,,,,,,,,,,,,,,,,,,,,,,,,,,,,,,,,,,,,,,,
061DR,048TR,DAU,travel,P48_02,CAL,7,,57,,N,,,,,,,,,,,,,,,,,,,,,,,,,,,,,,,,,,,,,,,,,,,,,,,,
061DR,048TR,DAU,travel,P48_03,CYA,4,102,25,32.46760839,N,,,,,,,,,,,,,,,,,,,,,,,,,,,,,,,,,,,,,,,,,,,,,,,,
061DR,048TR,DAU,travel,P48_04,CMI,4,106,23,33.74084794,N,,,,,,,,,,,,,,,,,,,,,,,,,,,,,,,,,,,,,,,,,,,,,,,,
061DR,048TR,DAU,travel,P48_05,CWI,4,106,26,33.74084794,N,,,,,,,,,,,,,,,,,,,,,,,,,,,,,,,,,,,,,,,,,,,,,,,,
061DR,048TR,DAU,travel,P48_06,CYA,8,129,28,41.06197532,N,,,,,,,,,,,,,,,,,,,,,,,,,,,,,,,,,,,,,,,,,,,,,,,,
062DR,049TR,DAU,travel,P49_01,CAL,5,,48,,Y,,,,,,,,,,,,,,,,,,,,,,,,,,,,,,,,,,,,,,,,,,,,,,,,
062DR,049TR,DAU,travel,P49_02,CMI,2,116,23,36.9239468,N,,,,,,,,,,,,,,,,,,,,,,,,,,,,,,,,,,,,,,,,,,,,,,,,
062DR,049TR,DAU,travel,P49_03,CDU,3,183,40,58.25070917,N,,,,,,,,,,,,,,,,,,,,,,,,,,,,,,,,,,,,,,,,,,,,,,,,
062DR,049TR,DAU,travel,P49_04,CMI,5,226,43,71.93803428,N,,,,,,,,,,,,,,,,,,,,,,,,,,,,,,,,,,,,,,,,,,,,,,,,
062DR,049TR,DAU,travel,P49_05,CAL,4,108,24,34.37746771,N,,,,,,,,,,,,,,,,,,,,,,,,,,,,,,,,,,,,,,,,,,,,,,,,
062DR,049TR,DAU,travel,P49_06,CWI,5,71,20,22.60000192,N,,,,,,,,,,,,,,,,,,,,,,,,,,,,,,,,,,,,,,,,,,,,,,,,
009DR,009TR,BEN,travel,P9_01,CYA,13,194,58,61.75211792,Y,,,,,,,,,,,,,,,,,,,,,,,,,,,,,,,,,,,,,,,,,,,,,,,,
